Month,Post_Count
2010-01,1
2011-02,1
2011-03,3
2011-05,25
2011-06,48
2011-07,26
2011-08,32
2011-09,92
2011-10,158
2011-11,81
2011-12,59
2012-01,37
2012-02,40
2012-03,53
2012-04,58
2012-05,55
2012-06,112
2012-07,70
2012-08,63
2012-09,72
2012-10,58
2012-11,45
2012-12,76
2013-01,86
2013-02,59
2013-03,328
2013-04,314
2013-05,238
2013-06,559
2013-07,247
2013-08,480
2013-09,421
2013-10,1520
2013-11,1754
2013-12,1242
2014-01,932
2014-02,776
2014-03,622
2014-04,459
2014-05,464
2014-06,1071
2014-07,650
2014-08,583
2014-09,438
2014-10,462
2014-11,484
2014-12,530
2015-01,573
2015-02,1247
2015-03,1091
2015-04,667
2015-05,532
2015-06,423
2015-07,503
2015-08,527
2015-09,467
2015-10,422
2015-11,351
2015-12,419
2016-01,430
2016-02,482
2016-03,478
2016-04,624
2016-05,4224
2016-06,2328
2016-07,1490
2016-08,3869
2016-09,5597
2016-10,9578
2016-11,6306
2016-12,2969
2017-01,2114
2017-02,1592
2017-03,1849
2017-04,1437
2017-05,1086
2017-06,1073
2017-07,1090
2017-08,946
2017-09,995
2017-10,850
2017-11,822
2017-12,930
2018-01,902
2018-02,862
2018-03,1048
2018-04,810
2018-05,10373
2018-06,4961
2018-07,1477
2018-08,3072
2018-09,6184
2018-10,1522
2018-11,6145
2018-12,6602
2019-01,4215
2019-02,2107
2019-03,2556
2019-04,2048
2019-05,2077
2019-06,2439
2019-07,3540
2019-08,3644
2019-09,2922
2019-10,3108
2019-11,3164
2019-12,2524
2020-01,2663
2020-02,2958
2020-03,2972
2020-04,3965
2020-05,4129
2020-06,3694
2020-07,2773
2020-08,2749
2020-09,2663
2020-10,2652
2020-11,2742
2020-12,2849
2021-01,2983
2021-02,2224
2021-03,1983
2021-04,2333
2021-05,2918
2021-06,9559
2021-07,4606
2021-08,4646
2021-09,3600
2021-10,11445
2021-11,15053
2021-12,7389
2022-01,4457
2022-02,2830
2022-03,2249
2022-04,2192
2022-05,1830
2022-06,2223
2022-07,1948
2022-08,2044
2022-09,1726
2022-10,1349
2022-11,1730
2022-12,1580
2023-01,1471
2023-02,1274
2023-03,1609
2023-04,1398
2023-05,1180
2023-06,856
2023-07,907
2023-08,880
2023-09,655
2023-10,1058
2023-11,1030
2023-12,1283
2024-01,1318
2024-02,1256
2024-03,1369
2024-04,1059
2024-05,1295
2024-06,1417
2024-07,1794
2024-08,1405
2024-09,1463
2024-10,1058
2024-11,1120
2024-12,993
2025-01,1253
2025-02,2609
2025-03,148
